Number of clusters,Model Cross-Validation Values
1,0.50519
2,0.50785
3,0.52899
4,0.55194
5,0.58956
6,0.65589
7,0.69067
8,0.75133
9,0.80458
10,0.86072
11,0.92817